"Total Cycles","Elapsed Cycles","Step","PC:Cycle Start Time (s)","PC:Frequency (Hz)","Position(Load Frame:Linear Position Encoder):Maximum (mm)","Position(Load Frame:Linear Position Encoder):Minimum (mm)","Force(Load Frame:Load):Maximum (N)","Force(Load Frame:Load):Minimum (N)","User-Defined(Temperature:Current):Maximum (Amps)","User-Defined(Temperature:Current):Minimum (Amps)","User-Defined(Temperature:Temperature):Maximum (C)","User-Defined(Temperature:Temperature):Minimum (C)","User-Defined(Temperature:Voltage):Maximum (Volts)","User-Defined(Temperature:Voltage):Minimum (Volts)","Temperature(Temperature Controller 1:Temperature):Maximum (˚C)","Temperature(Temperature Controller 1:Temperature):Minimum (˚C)",
1,1,1,0,0.196386,0.10087345726788,0.100665958598256,3.10651026666164,-1.19350384920835,0.0774703919887543,0.0516876578330994,33.8508537970483,24.1629243828356,-0.00497914990410209,-0.0100992280058563,18.2663807031252,18.04756,
1,1,2,5.092,0.011298,0.388381769880652,0.100794807076454,2.28544231504202,-4.64336480945349,93.911649286747,0.046832486987114,911.733272485435,22.6498092524707,0.405858830083162,-0.00979346176609397,860.098684882802,18.09566,
1,1,3,93.606,0.008329,0.402893964201212,0.388379534706473,2.70787160843611,-4.48162667453289,97.5918229669333,86.3117516040802,925.851902458817,902.667033020407,0.422418056987226,0.364309794735163,879.947020000012,860.098684882802,
1,1,4,213.674,0.326691,3.03645287640393,0.402843998745084,860.752342268825,-2.01686751097441,92.9722014814615,71.4471623301506,941.533986479044,903.975879773498,0.489876698702574,-0.596433551516384,889.130129999998,872.321290000007,
1,1,5,216.735,0.197628,3.05954194627702,3.03645287640393,453.424602746964,77.9066933318973,72.8526588529348,57.5725961476564,939.708064310253,906.930648721755,0.381845513358712,0.290969469118863,890.672969999995,870.050229999986,
1,1,6,221.795,0.06871,3.05806314572692,2.91048395447433,77.9066933318973,-1.36757269501686,72.4529460072517,0.0472147017717361,917.637430597097,535.61502462253,0.37996930629015,-0.0127842188812792,870.17212,526.903080000003,
1,1,7,236.349,0.196773,2.91048395447433,2.87391617894173,1.62370502948761,-0.695902854204178,0.0821333378553391,0.050734356045723,542.432132642716,429.311863146722,-0.00770358368754387,-0.0128014017827809,526.903080000003,419.27325,
